{
  "SUPABASE_URL": "https://iruqldplniryvlyrebqs.supabase.co",
  "SUPABASE_ANON_KEY": "eyJhbGciOiJIUzI1NiIsInR5cCI6IkpXVCJ9.eyJpc3MiOiJzdXBhYmFzZSIsInJlZiI6ImlydXFsZHBsbmlyeXZseXJlYnFzIiwicm9sZSI6ImFub24iLCJpYXQiOjE3NTUwMDEzNjUsImV4cCI6MjA3MDU3NzM2NX0.mpickKmlY8PkVINPY4omWhq4zY4m-YoiDZhCjUDxFMs",
  "OPENAI_API_KEY": "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",
  "GEMINI_API_KEY": "your-gemini-api-key-here",
  "ANTHROPIC_API_KEY": "your-anthropic-api-key-here",
  "PERPLEXITY_API_KEY": "your-perplexity-api-key-here"
}